5051,nil,alex,dsfds,address,dateOfBirth,phoneNumber,email,idNumber
5052,nil,jerry,dsfds,address,dateOfBirth,phoneNumber,email,idNumber
5053,nil,baidy,dsfds,address,dateOfBirth,phoneNumber,email,idNumber
5054,nil,sandra,dsfds,address,dateOfBirth,phoneNumber,email,idNumber
5055,nil,onisiforos,dsfds,address,dateOfBirth,phoneNumber,email,idNumber
5056,nil,farhad,dsfds,address,dateOfBirth,phoneNumber,email,idNumber
5057,nil,farhad,dsss,address,dateOfBirth,phoneNumber,email,idNumber
5058,nil,farhad,dsss,address,dateOfBirth,phoneNumber,email,idNumber
5059,nil,sandra,dsss,address,dateOfBirth,phoneNumber,email,idNumber
5060,nil,sandra,dsss,address,dateOfBirth,phoneNumber,email,idNumber
5061,nil,sandra,dsss,address,dateOfBirth,phoneNumber,email,idNumber
5062,nil,sandra,dsss,address,dateOfBirth,phoneNumber,email,idNumber
5063,nil,sandra,dsss,address,dateOfBirth,phoneNumber,email,idNumber
5064,nil,sandra,dsss,address,dateOfBirth,phoneNumber,email,idNumber
5065,nil,sandra,dsss,address,dateOfBirth,phoneNumber,email,idNumber
5066,nil,sandra,dsss,address,dateOfBirth,phoneNumber,email,idNumber
